model,official,rate_setting_per_hour,search_setting_per_hour,run,label,samples_in_window,offered_per_hour,achieved_per_hour,error_rate,latency_p50_s,latency_p95_s,latency_p99_s,latency_mean_s,latency_max_s,trend_ratio,trend_slope_s_per_min,growing,errors_by_type,jtl
gemma2:2b,True,125.0,0,1,POST /tickets,22,132.0,126.0,0.0,6.177,14.041,15.477,7.098,15.477,0.946,-0.257,False,{},results/load/gemma2_2b/rate-125/run-1.jtl
gemma2:2b,True,125.0,0,2,POST /tickets,19,114.0,114.0,0.0,6.629,12.957,12.957,6.785,12.957,0.883,-0.293,False,{},results/load/gemma2_2b/rate-125/run-2.jtl
gemma2:2b,True,125.0,0,3,POST /tickets,23,138.0,132.0,0.0,6.01,11.176,13.074,6.57,13.074,1.107,-0.009,False,{},results/load/gemma2_2b/rate-125/run-3.jtl
gemma2:2b,True,250.0,450.0,1,GET /search,72,432.0,432.0,0.0,0.024,0.045,0.068,0.027,0.068,0.902,0.001,False,{},results/load/gemma2_2b/rate-250_search-450/run-1.jtl
gemma2:2b,True,250.0,450.0,1,POST /tickets,45,270.0,258.0,0.0,7.397,18.632,27.5,8.697,27.5,1.249,0.137,False,{},results/load/gemma2_2b/rate-250_search-450/run-1.jtl
gemma2:2b,True,250.0,450.0,2,GET /search,77,462.0,462.0,0.0,0.032,0.056,0.109,0.033,0.109,0.727,-0.0,False,{},results/load/gemma2_2b/rate-250_search-450/run-2.jtl
gemma2:2b,True,250.0,450.0,2,POST /tickets,39,234.0,234.0,0.0,7.431,16.574,17.067,7.847,17.067,1.683,0.19,True,{},results/load/gemma2_2b/rate-250_search-450/run-2.jtl
gemma2:2b,True,250.0,450.0,3,GET /search,76,456.0,456.0,0.0,0.03,0.064,0.069,0.033,0.069,0.725,-0.0,False,{},results/load/gemma2_2b/rate-250_search-450/run-3.jtl
gemma2:2b,True,250.0,450.0,3,POST /tickets,46,276.0,270.0,0.0,7.932,19.847,26.059,8.541,26.059,1.919,0.243,True,{},results/load/gemma2_2b/rate-250_search-450/run-3.jtl
gemma2:2b,True,500.0,0,1,POST /tickets,88,528.0,474.0,0.0,28.206,69.121,75.028,31.521,75.028,7.422,6.655,True,{},results/load/gemma2_2b/rate-500/run-1.jtl
gemma2:2b,True,500.0,0,2,POST /tickets,82,492.0,462.0,0.0,41.365,60.9,66.353,40.618,66.353,2.695,4.372,True,{},results/load/gemma2_2b/rate-500/run-2.jtl
gemma2:2b,True,500.0,0,3,POST /tickets,92,552.0,432.0,0.1087,72.901,117.123,119.554,62.09,119.554,7.554,12.663,True,"{""HTTP 502"": 10}",results/load/gemma2_2b/rate-500/run-3.jtl
