row,narrative,annotator_a_label,annotator_b_label,final_resolved_label,resolution_notes,protocol_updated
7013,"VANCE AND HUFFMAN LLC A balance of {$650.00}. I am unaware of this debt and did not have opportunity to dispute this account. If you believe you sent proper notification, Please provide Certified Mail with receipt displaying my signature. If not, Please delete this from all three credit bureaus account or I will have to take Legal action.",Debt collection,Credit reporting,Credit reporting,"Tie between validation and deletion demands; final remedy is deletion from all three bureaus, so tie-break on requested remedy (sec 4.2) gives Credit reporting. Same treatment as 7210.",no
7039,"Complaint Jefferson Capital Systems ( JEFFCAPSYS ) Company : Jefferson Capital Systems Issue : Identity Theft / Reporting fraudulent account Complaint Text : I am a victim of identity theft. These 2 accounts being reported by Jefferson Capital Systems is fraudulent and does not belong to me. 

This account is documented in my official FTC Identity Theft Report ( FTC Report Number XXXX ). I did not authorize, apply for, or benefit from this account in any way. 

Despite this, Jefferson Capital Systems continues to report the account on my credit file, causing significant financial harm and credit damage. 

Under the Fair Credit Reporting Act ( 15 U.S.C. 1681 ) and identity theft protections, a furnisher may not report information it knows or should know is the result of identity theft.

I am requesting : Immediate investigation of this fraudulent account Permanent deletion from all credit bureaus Written confirmation of deletion Cessation of all collection activity Supporting documentation, including my FTC Identity Theft Report, has been provided.",Credit reporting,Debt collection,Credit reporting,"Headline issue is a fraudulent account being reported (FCRA furnisher duty); requested remedies are investigation and deletion from bureaus. Credit reporting is the dominant complaint (sec 3.1, 4.5).",no
7052,"My loan was charged off by USAA back in 2016. I have reached out numerous times and placed on 45+ minute holds in order to gather information about my charged off debt. I have been transferred to a department by the Member Debt Solutions team to provide me information, as well as tried to email and call   XXXX   XXXX   to see if he could route me in the appropriate direction.",Consumer loan,Debt collection,Consumer loan,"No collection contact is described; the complaint is about not getting information on a charged-off loan from the lender. Sec 3.2 excludes original-lender servicing with no collection activity, so Consumer loan. Loan type is not stated; forced closest fit.",no
7090,"I received a mailed statement from Bank of America showing interest only due of {$100.00}. I paid off the balance by phone after I specifically asked and was told by their representative there would be no additional fees or interest charged with the amount that I provided as my pay off balance payment. 

This has happened previously with balance payoff in that an additional statement arrives with interest due. In our experience there is no way to payoff the interest in this form as the interest incurs additional interest, and the cycle never ends. As such I specifically asked the representative to help ensure the final payment was the complete and full payoff amount and that no additional charges would be made against me in any form.",Credit card,Consumer loan,Credit card,"Product not stated (sec 4.6). Interest still billed after a phone payoff matches the card trailing-interest pattern, so Credit card is a forced closest fit with low confidence; Consumer loan was the other plausible reading.",no
7174,"Hello! 
My name is XXXX XXXX. I am a victim of Identity Theft. Monterey Financial Services is attempting to collect a debt that is not mine. The XXXX is a complete result of Identity Theft. Please have them remove this collection account from my credit report because it is damaging my chances of getting a car. 

Please have them remove this account and investigate properly. 

Thank you.",Debt collection,Credit reporting,Credit reporting,"Mentions collection, but the explicit remedy is removal of the collection account from the credit report. Tie-break on requested remedy (sec 4.2) and sec 3.1 edge case point to Credit reporting.",no
7210,"Account XXXX XXXX # XXXX I'm unaware of thud debt and did not have the opportunity to dispute this account. If you sent proper notification, please provide 'Certified Mail ' with receipt displaying my signature. If not, please delete account # XXXX as soon as possible from my report or I will have to take legal action.",Debt collection,Credit reporting,Credit reporting,Same template and reasoning as 7013: validation or else deletion from the report; remedy tie-break (sec 4.2) gives Credit reporting.,no
7228,"I Have disputed this several times with my credit bureaus and they refuse to remove. I dont know who the debt collector is. I do not have an account with them and never have. They refuse to provide me with the original contract and my signature as I e requested multiple times over the last XXXX XXXX years. I want this removed immediately from my credit report and my points restored. On top of it, they keep adding charges that are not real to the account and can not provide documentation.",Credit reporting,Debt collection,Credit reporting,"Consumer disputes with bureaus and wants the item removed and score restored; the collector is unknown to them. Remedy is removal from the report, so Credit reporting (sec 3.1 edge case, 4.2).",no
7245,"Issue : Honda Financial Services is attempting to collect {$230.00} for tickets allegedly tied to my vehicle account ( Account XXXX. XXXX, XXXX XXXX XXXX, XXXX ending XXXX ). I have already paid all outstanding tickets years ago. In addition, I have paid my lease off in full and received my vehicle title. Despite this, I received a past due notice from XXXX on XX/XX/XXXX, demanding payment and threatening negative credit reporting. 
Problem : XXXX has not provided the name of the agency, ticket numbers, or dates of these alleged tickets. 
I have requested verification, but no supporting documentation has been provided. 
Without this information, I can not even confirm which jurisdiction or agency supposedly claims these tickets. 
This appears to be an attempt to collect a debt without proper documentation, which may violate the Fair Debt Collection Practices Act ( FDCPA ) and the Fair Credit Reporting Act ( FCRA ) if it is reported to credit bureaus.",Debt collection,Consumer loan,Debt collection,"Honda Financial is trying to collect disputed ticket charges after the lease was paid off; consumer asks for verification and cites FDCPA. Original creditor collecting, complaint is about collection conduct: Debt collection (sec 3.2 edge case).",no
7265,"I've consistently made sure that payments on this account are made on time, preventing them from becoming overdue. I am uncertain about the reasons for reports of late payment remarks on my accounts. According to 15 USC 1666b - Billing Error, corrections should be made.",Credit reporting,Credit card,Credit reporting,"Complaint is about late-payment remarks being reported on accounts the consumer paid on time. The product is never named (only a statute cite), so the category rests on the reporting complaint (sec 4.3, 4.5).",no
7330,"To whom it may concern, My pay has been garnished three times by XXXX different debt collectors. The first 2-garnishment money was never applied to the loan. I made payments for 2 years from XXXX to XXXX of XXXX dollars. It was never applied to my loan and in XXXX I lost my job and could n't pay any more. My original loan amount was XXXX dollars approximately. When I got in position to make payments again the SL people wanted XXXX at once or they would garnish 25 % of my pay in about XXXX. This went on for years up to beginning of XXXX. I could n't pay because they kept saying the wanted the total loan amount and adding the interest to the principal and calling it the new principal never crediting the money paid or taken. I would have made the payments agreed on 25 years ago and paid it off. I could n't afford to keep paying them and not have the payments applied. So by adding XXXX dollars in fees and upping the principal by adding interest to it the total amount they wanted in XXXX was XXXX plus. Since then they have garnished XXXX dollars out of my pay. They waiting to steel my tax return next. If you can help I would like to have the total reduced, the loan taken out of garnishment and go back to the payments agreed on 36 years ago. They are using the fact that they are a government agency to steel false loan amounts. 

Thank you for your time, XXXX",Debt collection,Consumer loan,Debt collection,"Wage garnishment by collectors, fees and capitalized interest, and a demand to end garnishment. Collection conduct is the dominant complaint (sec 3.2). Student-loan edge case in 3.6 not needed.",no
7358,"I left school in XX/XX/XXXX. I had been diagnosed with a XXXX XXXX, XXXX and attened for as long as I physically could. Navient has been reporting inaccurate derogatory late payments on my account. I have made several unsuccessful attempts with various agents to get these late payments removed as they are not accurate. I have stayed on top of my forbearances and deferments as I can not afford the stress or the pressure of having to deal with possible late payments or going into default. 

The dates that Navient has reported inaccurately are : XXXX ( XXXX, XXXX and XXXX ) XXXX ( XXXX ) XXXX ( XXXX, XXXX, XXXX, XXXX and XXXX ) XXXX ( XXXX, XXXX and XXXX ) Forbearances and deferments should be for at least a 12 month period and a 6 month grace period after leaving school. In XX/XX/XXXX after leaving school I still should not have been given a late fee until XXXX, although that is inaccurate.",Consumer loan,Credit reporting,Credit reporting,"Main complaint is Navient reporting inaccurate late payments and wanting them removed. Underlying student-loan servicing is background (sec 3.1, 4.5).",no
7382,"On XX/XX/2023 I purchased XXXX XXXX prepaid gift cards from XXXX. One in the amount of {$100.00} and another in the amount of {$200.00}. Both we gifted to my sister who immediately informed me that they had been used, the card numbers scratched out, and repackaged. I reached out to Target for resolution and redirected to XXXX who requested proof of purchase, pictures of the gift cards, my contact and drivers license information. I submitted this information XX/XX/2023 and received a case number of XXXX. To date, XX/XX/2023 XXXX has not provided resolution, I am out of {$300.00} and every attempt to follow-up and request a status update results in me being left on hold for excessive amounts of time. I provided all the necessary documentation and have still received no resolution from either merchant ( Target/Visa )",Credit card,Bank account or service,Bank account or service,"Loaded prepaid gift cards with no credit line and no transfer provider involved. None of the seven categories fits cleanly; forced closest fit under protocol v1.1 (sec 3.5): Bank account or service. Protocol updated, see revision history 1.1.",yes
7433,"I am a victim of medical identity theft. Collection agencies are reporting medical accounts without my authorization, consent, or HIPAA release. These accounts were opened or assigned without my knowledge and constitute identity theft under federal law.",Debt collection,Credit reporting,Credit reporting,"Complaint is that collectors are reporting medical accounts opened without authorization. No collection contact is described, so the disputed action is the reporting (sec 3.1, 4.2 step 3).",no
7582,"Department of Education and I had a communication lapse. I had moved and received absolutely no notices about the student loan. There is only one ( 1 ) student loan. I was called at work one day in early XX/XX/XXXX. Suddenly they were garnishing my check for the student loans. I was never given the opportunity to apply for Income Based Repayment, Hardship, or forbearance. They have be garnishing my wages ever since. They are paid approximately 15 % of my check every two weeks for over the last 5 years.

They are reporting 9 different accounts on my credit report of which 4 they are  reporting as collection accounts and show the last activity in XX/XX/XXXX. 
Here is an incomplete list of the discrepancies they have shown on my report despite me trying to correct them : 1- There is only 1 and they have reported 9 accounts.

2- The account has had payments made every single month for the last 5 years. They do not reflect this.

3- They list numerous account numbers.

4- I have never been given the opportunity to apply for forbearance or any program to help me deal with them.

I did speak to one person who told me that if they took it out of garnishment the payment would be higher which I could not afford. I was never contacted prior to the garnishment. 

I have spoke to XXXX, Experian and XXXX and let them know there were more than one duplicate and that it was being reported correctly but there was no resolution.",Consumer loan,Debt collection,Debt collection,"Garnishment of wages without notice is the largest harm, and the Department of Education's collection action is the disputed act; remedy is not stated. Consistent with 7330. Credit reporting (duplicate accounts) is the secondary issue; student-loan edge case (sec 3.6) not needed.",no
7601,"A company called SOURCE RECEIVABLES MANAGEMENT placed a tradeline on my consumer reports in connection with an alleged debt they have not sent me any information on, and I was not given the right or opportunity to dispute this alleged debt. This agency is in violation of 15 USC 1692c, 15 USC 1692d ( 1 ), 15 USC 1692e ( 10 ), and 15 USC 1681s-2. I was not provided the chain of assignment, Papertrail as proof that I have used this account, a contract bearing my wet ink signature, whether this account has been reviewed by an attorney, or whether there is insurance on this alleged debt.",Debt collection,Credit reporting,Debt collection,"Demands validation (chain of assignment, contract, proof of debt) from a collector and cites FDCPA sections. Remedy sought is validation, not correction of a report: Debt collection (sec 3.2, failure to validate).",no
7617,"An international wire transfer was not credited to my Wells Fargo account, despite confirmation from the senders bank that the funds were successfully delivered. After noticing the delay, I contacted my bank ( XXXX Wells Fargo ). Following a review with their payments team, they confirmed that the funds were not received on their end and that there are no issues with my account. They advised me to contact the sender or the transfer platform for further clarification. Based on this recommendation, the sender, who is in XXXX, XXXX, visited her bank to request a recall of the funds. However, her bank reconfirmed that the payment was successfully credited to my Wells Fargo account on XX/XX/year>. Additionally, the intermediary bank involved in the transaction is XXXX XXXX XXXX. At this point, I have already fully delivered the agreed-upon service to my client, and it would be unreasonable to continue requesting follow-ups from her regarding payment that her bank has repeatedly confirmed as successful.",Money transfer or service,Bank account or service,Money transfer or service,"International wire not credited; the consumer's bank says the account itself has no issues. The disputed item is the wire transfer, which sec 3.7 includes. Treated as Money transfer or service.",no
7639,This company sold my account after stating it was a charge account. Having a third party also reporting to the credit bureau. Making my credit report have a double of the same account and with different amounts. I did not give permission to any third parties to get a copy of my credit report. This was done illegally according to the law.,Credit reporting,Debt collection,Credit reporting,"Complaint is a duplicate tradeline with different amounts from the original creditor and a buyer, plus a permissible-purpose concern. Main harm is the credit report content (sec 3.1).",no
7669,"I am submitting this complaint regarding inaccurate information being reported by Capital One Auto Finance on my credit report. I submitted a direct dispute to Capital One Auto Finance under FCRA XXXX ( a ) ( XXXX ), disputing the accuracy and validity of an auto loan account that I do not recognize and did not authorize. In my dispute, I requested that the company conduct a reasonable investigation and provide documentation demonstrating that I am responsible for this loan. Despite this request, Capital One Auto Finance has continued to report the account without providing any documentation showing that I authorized or agreed to this loan. I have not received a copy of a signed retail installment contract, loan agreement, or any documentation establishing my liability for this obligation. This matter involves identity theft. I did not apply for, authorize, or benefit from this loan. The continued reporting of this account without proper investigation raises serious concerns about the accuracy of the information being furnished. Under FCRA XXXX ( b ), Capital One Auto Finance is required to conduct a reasonable investigation and review all relevant information provided. Verifying the account through internal systems or loan records without providing documentation demonstrating that I executed the loan agreement does not meet this requirement. The continued reporting of this account without proper validation is inaccurate and is negatively impacting my credit profile.",Credit reporting,Consumer loan,Credit reporting,"Disputes an auto-loan account reported as the result of identity theft and wants a reasonable investigation. Core complaint is furnishing inaccurate information to bureaus (sec 3.1), not loan servicing.",no
7676,"On the XXXX of XX/XX/year> I received XXXX dollars from a class action settlement and from that point on I was unable to transfer funds from my XXXX  in any way shape or form. In the next following days I tried to contact them and I did exactly as they said and they continued to ignore my requests and act as if they could not help me. I tried over and over they froze my account 2 times I verified my identity and still they would not allow me to remove my funds. I have called, emailed, chatted and done all I can do there is no more I can do and it is heartbreaking that the money is there but I can't do anything with it.",Bank account or service,Money transfer or service,Bank account or service,"Provider is redacted. Frozen account, identity checks and blocked access to funds match the sec 3.5 indicators; no recipient or transfer is described. Bank account or service is the best-supported category, low confidence; a payment wallet is the other reading.",no
7744,"I had financial issues and had to stop paying on bills other than necessary bills. I made a few payments toward the loan but seems the principal only decreased by less than XXXX or so. My loan amount was XXXX and now i receive a collection notice for almost XXXX. I made a XXXX payment on XXXX only XXXX went toward the principal leaving my balance XXXX, on XX/XX/XXXX XXXX payment only XXXX went toward the principal balance XXXX and on XX/XX/XXXX made a XXXX payment XXXX toward my principal and balance was XXXX. How is this possible if i have made payments toward my loan? They call both my and my XXXX year old cell phones all during the day. And i have not given them permission to call any cell numbers. I want them to stop calling me and my daughter cell or any other number they have on me.",Consumer loan,Debt collection,Debt collection,Payment-application question is background; the closing request is to stop collection calls to the consumer and their child's cell phone. Tie-break on requested remedy (sec 4.2) gives Debt collection.,no
7765,"I am submitting this complaint because I am being extremely affected by Credit Managements actions. They are being completely unfair and I dont know how to get ahold on them but through this portal.

I want to express that I have suffered a big impact in my credit score and I have lived one of the worst periods of my life with all this situation.

This company has been reporting wrong information, re-aging the account, they have failed to mark account as disputed, they have also reported multiple billing errors by charter Internet ( original creditor ) and unfair business practices. 

The account information is the following : Account Name : CREDIT MANAGEMENT, INC Account Number : XXXX Original Creditor : XXXX XXXX. 
Opened Date : XX/XX/2019. 
High Balance : {$72.00} My demand is based on many damages and all the violations that they have committed : I WANT THIS ITEM REMOVED FROM MY CREDIT REPORT ASAP. 

Please sed the attached documentation to this company. 

Thank you.",Debt collection,Credit reporting,Credit reporting,Complaint is re-aged and wrongly reported collection account; stated remedy is removal from the credit report. Credit reporting (sec 3.1 edge case).,no
7776,"THE BUREAUS XXXX XXXX XXXX XXXX XXXX XXXX, IL XXXX {$4400.00} Open balance I have never had an account with this company. 

I called them and they said I owed half of that for a store credit card, but refused to delete from my report.",Credit reporting,Debt collection,Credit reporting,"Consumer says they never had the account and that the collector refused to delete it from their report. Main remedy is deletion from the credit file (sec 3.1, 4.2). Collection conduct is not described.",no
7780,"In XXXX XXXX, I was checking my credit through XXXX XXXX and saw the derogatory from XXXX XXXX now MIDWEST RECOVERY, This is for {$1100.00}. This is in the : XXXX XXXX XXXX XXXX XXXX XXXX XXXX XXXX, XXXX, WV XXXX ( XXXX ) XXXX I called them in XX/XX/XXXX and again last week. They said they sent something to correct this back in XX/XX/XXXX but the derog is still there. From called them again last week they said they would send me a letter ( which has n't arrived yet ). 

On XX/XX/XXXX, I sent a a complaint to XXXX ( confirmation # XXXX ) and they responded back saying it was mine because of the social security number. The social security number is mine but its not me. Someone else is using my social security number.",Debt collection,Credit reporting,Credit reporting,"Derogatory item on the credit report tied to someone else using the consumer's SSN; consumer wants it corrected. Credit reporting is dominant (sec 3.1, identity mix-up).",no
7786,"My credit issue is with the World Finance. Contact information is as follows : Local office : XXXX XXXX XXXX XXXX XXXX XXXX XXXX XXXX XXXX LA XXXX XXXX : XXXX XXXX XXXX  The creditor is engaging in intrusive harassment tactics. 
My bill is 7 days overdue. I have no history of missing payments. They never made an attempt to reach out to me directly ( supported by my phone and email records ). On this day, XX/XX/2023, they contacted a relative and my employer about my bill being 7 days overdue. 
I called the branch immediately and the manager of the branch confirmed that she contacted my employer and another third person to discuss this matter in violation of federal laws. 

Under the Fair Debt Collection Practices Act ( FDCPA ), debt collectors are generally prohibited from communicating with third parties, including your employer, about your debt. 

Upon request, my unedited phone logs can be provided.",Debt collection,Consumer loan,Debt collection,"Lender contacted the consumer's employer and a relative about a 7-day-overdue bill and the consumer cites FDCPA. Original creditor, complaint specifically about collection conduct: Debt collection (sec 3.2 edge case).",no
7841,"I have reviewed my credit report, I've noticed Discover bank submitted a charge off on my credit report. It has decrease my credit rating. I have called the customer service to dispute such issue. The customer service informed me they no longer have access to my file, they have sold it to another agency.",Credit reporting,Credit card,Credit reporting,"Consumer found a charge-off on their credit report and disputes it; the issuer no longer has the account. Dominant complaint is the reported charge-off (sec 3.1, 4.5), not card billing.",no
7882,"Received card as a XXXX present, it was loaded with {$500.00} XXXX, and given to us on XXXX. When trying to activate the card the site, XXXX, said there was an issue with the card and to call customer service, XXXX after several attempt and hold time of 30 minutes plus we got to talk to an agent each time only to put us on hold to "" investigate '' and then would drop the call shortly after. Attempted to escalate to supervisor and was disconnected after the agent stated they did "" do that ''. 
The agent confirmed that the funds were loaded, there was no transactions, and the balance was XXXX. No help to resolve this issue from the company and horrid customer service.",Credit card,Bank account or service,Bank account or service,"Loaded gift card the consumer cannot activate; no credit line, no transfer between parties. Forced closest fit under protocol v1.1 (sec 3.5): Bank account or service. Protocol updated, see revision history 1.1.",yes
7956,"Unfortunately, Ive experienced repeated servicing disruptions including autopay errors, inconsistent account access, and delayed postings. These have resulted in XXXX late payments being reported to my credit profile. These were not due to financial hardship or intentional delinquency, but rather technical and administrative complications outside of my control. 
Specifically, the following months are being reported as late : - XXXX XXXX XXXX XXXX XXXX XXXX XXXX XXXX XX/XX/year> My loan agreement requires Earnest to provide clear and reliable access to payment services. The documented issues suggest a lapse in that responsibility. Ive made every effort to resolve this and resume on-time payments. 
I understand that the Fair Credit Reporting Act ( FCRA ) does not require reporting of every late payment and permits data furnishers to make discretionary updates. The Consumer Financial Protection Bureau ( CFPB ) has also previously reviewed similar issues with Earnest, compelling tradeline corrections where system errors caused misreporting.",Consumer loan,Credit reporting,Credit reporting,"Servicing errors are the cause, but the complaint centres on late payments being reported and a tradeline correction. Credit reporting by requested remedy (sec 4.2, 4.5). Student-loan product edge case (sec 3.6) not needed.",no
